Surface_Area,Depth,Breadth,Condition,Maintenance_Suggestions,Maintenance_Frequency,Prev_Maintenance_Cost,Auction_Price
412.4581466146408,38.95540048459623,32.189571799306506,Stable,Regular maintenance of inlets and outlets required.,Low (Every 5 Years),455952.76508574886,225427.56187834722
231.43372771876685,17.935463116100642,79.26537812131318,High Sedimentation,Increase depth by dredging and use sediment for shore strengthening.,High (Every Year),394557.84916925326,121628.40543182091
32.92439747805368,15.697651198683745,40.88408896460109,High Sedimentation,Increase depth by dredging and use sediment for shore strengthening.,High (Every Year),220252.85597855452,14108.483343550124
30.64296140290827,34.535320878653195,57.68857838393368,High Erosion,Strengthen shores to prevent erosion.,Moderate (Every 2-3 Years),495955.97971390316,29018.754880053944
170.02185435235754,5.4948394229241195,75.82001016972461,High Erosion,Strengthen shores to prevent erosion.,Moderate (Every 2-3 Years),497542.73875186965,34329.81180251232
392.77079354054155,34.69297857913655,10.90274389377243,High Sedimentation,Increase depth by dredging and use sediment for shore strengthening.,High (Every Year),274447.09210546233,57741.48971624674
253.89847560336872,47.191179992064946,5.148438673681486,Stable,Regular maintenance of inlets and outlets required.,Low (Every 5 Years),74571.73128461262,31701.33852276783
12.187439531857727,39.33970866928893,3.0962300297072636,High Erosion,Strengthen shores to prevent erosion.,Moderate (Every 2-3 Years),462579.10329921875,4415.952601346988
170.9239321277303,21.821758263454637,58.09801602042475,High Erosion,Strengthen shores to prevent erosion.,Moderate (Every 2-3 Years),383438.66702334257,67703.79016100323
94.53757847093034,19.938425305236017,63.53217933893279,High Sedimentation,Increase depth by dredging and use sediment for shore strengthening.,High (Every Year),358868.37201891415,35906.43350057303
498.22086154625026,46.95771712948148,67.68461392634843,High Erosion,Strengthen shores to prevent erosion.,Moderate (Every 2-3 Years),194771.98398066394,576116.6556155798
194.72739146108358,34.04046217747991,26.660746533823527,High Sedimentation,Increase depth by dredging and use sediment for shore strengthening.,High (Every Year),231418.29668579405,85739.12099440517
10.08899873159049,12.938657365001967,58.22931578342344,High Erosion,Strengthen shores to prevent erosion.,Moderate (Every 2-3 Years),129565.6895207723,657.4012798361746
290.89206837005196,28.46445138007442,14.990952625913792,High Sedimentation,Increase depth by dredging and use sediment for shore strengthening.,High (Every Year),456563.1220167785,40554.78845878126
30.727616117293625,31.183035698420078,79.76292462493613,High Sedimentation,Increase depth by dredging and use sediment for shore strengthening.,High (Every Year),144766.05416412101,30038.321448898347
346.46529420062745,30.352638619343775,94.75342360276656,Stable,Regular maintenance of inlets and outlets required.,Low (Every 5 Years),369999.352796896,380654.8865318319
220.2756346994713,35.54267874329832,71.6873343662282,High Erosion,Strengthen shores to prevent erosion.,Moderate (Every 2-3 Years),129694.53645042084,185341.8133672824
340.5702787908607,35.71306839896941,46.37722507453989,High Sedimentation,Increase depth by dredging and use sediment for shore strengthening.,High (Every Year),264150.7315422556,259131.2363302439
29.91808517014051,47.199016780700255,94.42497971238407,High Sedimentation,Increase depth by dredging and use sediment for shore strengthening.,High (Every Year),309266.5089750067,56348.7820736663
80.85573168530121,47.32810997930779,87.35215806703638,High Sedimentation,Increase depth by dredging and use sediment for shore strengthening.,High (Every Year),227573.8647333098,122756.06360957977
377.36921304364387,44.084209073543015,89.66427412561033,High Sedimentation,Increase depth by dredging and use sediment for shore strengthening.,High (Every Year),163821.17928349032,502432.3777933932
246.54747699234824,13.981480348273635,75.89216998737639,High Sedimentation,Increase depth by dredging and use sediment for shore strengthening.,High (Every Year),327506.04526067135,105438.12537851879
373.12661913508725,41.94602244538358,89.84439407069519,High Sedimentation,Increase depth by dredging and use sediment for shore strengthening.,High (Every Year),104407.12157286154,543447.042164648
285.50374450904945,31.183809455735293,21.800307752252223,Stable,Regular maintenance of inlets and outlets required.,Low (Every 5 Years),249389.73844887677,82605.72645212687
27.33155782545738,48.45088488216929,76.05640169085366,High Sedimentation,Increase depth by dredging and use sediment for shore strengthening.,High (Every Year),428118.1990608138,34816.751705819755
262.72949052073886,25.25020606162751,99.30872298063409,High Erosion,Strengthen shores to prevent erosion.,Moderate (Every 2-3 Years),419005.2901218361,221496.46970639343
418.98222326478077,31.51259471012561,18.749209800890526,High Erosion,Strengthen shores to prevent erosion.,Moderate (Every 2-3 Years),213817.38910100522,101938.04693275949
63.50984738459315,36.35669946438496,83.60504614455202,Stable,Regular maintenance of inlets and outlets required.,Low (Every 5 Years),439941.3819952579,59722.44184216039
164.56744148410394,37.97275000828888,67.91911820683981,Stable,Regular maintenance of inlets and outlets required.,Low (Every 5 Years),59278.79283895227,160953.31058614436
252.76272904245536,45.862773354842076,67.37171813321942,High Sedimentation,Increase depth by dredging and use sediment for shore strengthening.,High (Every Year),182232.12258834895,324559.20070243033
380.3135987282902,10.804963174010211,97.155732247249,High Erosion,Strengthen shores to prevent erosion.,Moderate (Every 2-3 Years),332786.14268398605,146591.51384237641
165.43927059104163,12.503822833640792,80.25278155350705,High Sedimentation,Increase depth by dredging and use sediment for shore strengthening.,High (Every Year),207161.63386549125,70718.86062454118
228.4488885623379,42.96049741342491,58.64413808322903,High Sedimentation,Increase depth by dredging and use sediment for shore strengthening.,High (Every Year),291197.89510181674,212910.57703855186
267.91562782497186,43.478684366831835,4.822139970953522,High Sedimentation,Increase depth by dredging and use sediment for shore strengthening.,High (Every Year),123864.59537344813,14960.169881648373
423.2446357132266,41.51008562035961,81.04048709112452,High Sedimentation,Increase depth by dredging and use sediment for shore strengthening.,High (Every Year),441130.01191188523,560408.3568847611
294.14098704952534,34.97327173736657,29.283198781315384,Stable,Regular maintenance of inlets and outlets required.,Low (Every 5 Years),123970.7942054298,113976.70171212294
63.7012502095823,37.57001358287257,58.80474643326161,High Sedimentation,Increase depth by dredging and use sediment for shore strengthening.,High (Every Year),311650.43919597066,50036.81915019351
63.24222935173342,10.305297486084678,82.82341048230838,Stable,Regular maintenance of inlets and outlets required.,Low (Every 5 Years),117289.64850394297,29148.875497872006
114.57149652555609,45.486739161724415,14.669447418462777,High Sedimentation,Increase depth by dredging and use sediment for shore strengthening.,High (Every Year),402393.09042651433,22080.662635225177
342.73650453186156,27.535650898533525,63.30291355637923,High Sedimentation,Increase depth by dredging and use sediment for shore strengthening.,High (Every Year),161954.57332010532,253780.66398585646
437.73863696407244,41.87916606001249,45.075182035145176,High Sedimentation,Increase depth by dredging and use sediment for shore strengthening.,High (Every Year),114002.37051947298,364129.79100548435
366.52576018359025,17.039615626211777,80.60310167434082,Stable,Regular maintenance of inlets and outlets required.,Low (Every 5 Years),440298.7678926976,217572.0717953827
148.59486089156928,22.887346066112137,90.72341347221274,High Sedimentation,Increase depth by dredging and use sediment for shore strengthening.,High (Every Year),453250.68867358146,107080.4723199294
448.57115291489526,26.7902430047927,76.39289765028249,High Erosion,Strengthen shores to prevent erosion.,Moderate (Every 2-3 Years),270422.03544171446,357330.19984466705
452.6036390768118,6.233012020953437,84.07142996992643,Stable,Regular maintenance of inlets and outlets required.,Low (Every 5 Years),173647.64317433804,88815.98943208443
159.5132241082348,47.01859429898171,6.206452784170575,Stable,Regular maintenance of inlets and outlets required.,Low (Every 5 Years),359465.0749879332,28518.433527942558
272.95868423080384,21.739968245715854,99.16872143598907,High Sedimentation,Increase depth by dredging and use sediment for shore strengthening.,High (Every Year),394491.35486557044,247447.96405206554
436.3971998356437,14.12106370823786,53.35629918851513,Stable,Regular maintenance of inlets and outlets required.,Low (Every 5 Years),336547.5316444207,137167.0176974164
431.82228824729054,36.33465641598433,9.343437060990667,High Erosion,Strengthen shores to prevent erosion.,Moderate (Every 2-3 Years),480291.9572997291,62755.5459309193
302.7197801837192,40.087820287386435,95.73792515136643,Stable,Regular maintenance of inlets and outlets required.,Low (Every 5 Years),293332.39977268246,510127.1251633337
283.51911910957966,15.424187280163686,82.45529368292556,High Erosion,Strengthen shores to prevent erosion.,Moderate (Every 2-3 Years),106697.41841668013,121600.81916151982
416.9302360550891,48.01510424269028,13.86628102100166,High Sedimentation,Increase depth by dredging and use sediment for shore strengthening.,High (Every Year),76704.40493685013,121520.39512348705
187.12984864287372,47.91735289554919,25.539759782623477,High Erosion,Strengthen shores to prevent erosion.,Moderate (Every 2-3 Years),139977.40452870663,93031.32499180816
116.9267546482627,44.26613802086503,32.75104449116212,Stable,Regular maintenance of inlets and outlets required.,Low (Every 5 Years),194264.39623996464,74029.94859563201
283.30397053139137,39.77300710770899,86.13199949961174,High Sedimentation,Increase depth by dredging and use sediment for shore strengthening.,High (Every Year),333742.3820344609,420982.98454099
313.9535333626747,46.366409536653194,75.6359036202836,High Erosion,Strengthen shores to prevent erosion.,Moderate (Every 2-3 Years),292169.26969219523,405344.0638678785
456.8555990647074,7.273156956961051,42.78803641456453,High Sedimentation,Increase depth by dredging and use sediment for shore strengthening.,High (Every Year),331162.0640519785,49209.15319696692
394.1497371583764,27.513304347677654,46.89953444820302,High Sedimentation,Increase depth by dredging and use sediment for shore strengthening.,High (Every Year),453239.1701152858,188348.20801361086
348.99143439023675,23.380709369540984,67.8930522656182,High Sedimentation,Increase depth by dredging and use sediment for shore strengthening.,High (Every Year),242970.25488471927,207029.34326432802
246.69761118101232,35.69215304584239,43.52770905166652,High Erosion,Strengthen shores to prevent erosion.,Moderate (Every 2-3 Years),213209.11744156398,154421.4137440525
429.3422358054651,29.286930947041164,91.78791830956786,High Sedimentation,Increase depth by dredging and use sediment for shore strengthening.,High (Every Year),302136.02190473094,491631.3273061078
62.52940127771615,39.36126029543038,60.6461788375088,High Sedimentation,Increase depth by dredging and use sediment for shore strengthening.,High (Every Year),446183.0508519509,50967.4849563786
170.63129003011244,9.01372620715744,13.284474993771962,High Sedimentation,Increase depth by dredging and use sediment for shore strengthening.,High (Every Year),459384.751170203,2354.070532270164
315.36681674024527,47.676428331625864,14.64752129180751,High Erosion,Strengthen shores to prevent erosion.,Moderate (Every 2-3 Years),266465.18324860034,83403.46194717172
399.3768683583991,45.28096663764742,70.82546758584684,Stable,Regular maintenance of inlets and outlets required.,Low (Every 5 Years),415363.9166189757,444434.6914393212
213.21433056385422,46.01238975507129,79.58586660314717,High Sedimentation,Increase depth by dredging and use sediment for shore strengthening.,High (Every Year),97535.94224504205,278990.45516935666
428.6880169863255,47.985247228791366,69.06777030122544,High Sedimentation,Increase depth by dredging and use sediment for shore strengthening.,High (Every Year),317403.1036154883,631989.771524682
459.9285536530414,37.66982508815523,64.71905394559484,High Sedimentation,Increase depth by dredging and use sediment for shore strengthening.,High (Every Year),362061.843406281,390589.76972544595
359.816450504628,30.335197957237593,45.840895890986225,High Sedimentation,Increase depth by dredging and use sediment for shore strengthening.,High (Every Year),353281.17116305575,184260.33488686374
476.01297128883584,22.479280960547843,91.10656205710954,High Sedimentation,Increase depth by dredging and use sediment for shore strengthening.,High (Every Year),326313.8931214794,394285.99265147117
241.65915729796237,23.73461411635564,84.04225127845154,High Sedimentation,Increase depth by dredging and use sediment for shore strengthening.,High (Every Year),323122.0180952367,156689.18256662617
60.79550832378312,37.66802608676309,36.89828943410231,High Sedimentation,Increase depth by dredging and use sediment for shore strengthening.,High (Every Year),219612.09128317158,23926.486070983465
8.819100772967175,14.547345974009296,70.40173783381323,High Sedimentation,Increase depth by dredging and use sediment for shore strengthening.,High (Every Year),353819.35010951356,5771.452395670334
424.107676293042,42.902291201021356,16.255264906864486,High Erosion,Strengthen shores to prevent erosion.,Moderate (Every 2-3 Years),386237.78284299176,105943.12639380178
159.50517077403455,48.20154644180468,17.297789714182176,Stable,Regular maintenance of inlets and outlets required.,Low (Every 5 Years),278968.4265814299,57409.70332204543
407.42304218263223,38.432614192482916,40.22823485073712,High Erosion,Strengthen shores to prevent erosion.,Moderate (Every 2-3 Years),63534.66561889474,233553.758028179
341.0065205267575,17.32003100136416,63.14751944132549,High Erosion,Strengthen shores to prevent erosion.,Moderate (Every 2-3 Years),316302.1801593163,158572.14811021852
270.0401563351159,19.73933048113981,98.90291051893523,Stable,Regular maintenance of inlets and outlets required.,Low (Every 5 Years),374429.22195736726,189112.3570901358
353.2483069808672,12.841476248347663,95.82684639155148,High Sedimentation,Increase depth by dredging and use sediment for shore strengthening.,High (Every Year),275940.4393558708,151408.19329637007
264.0084929127778,21.107267484879742,57.94953848371187,High Erosion,Strengthen shores to prevent erosion.,Moderate (Every 2-3 Years),342758.476627815,116419.74512834103
40.084304476610534,25.72738678798233,50.32479949497878,Stable,Regular maintenance of inlets and outlets required.,Low (Every 5 Years),81236.65820912355,19813.98280008635
136.3308531350926,38.87997240189009,83.90738094716711,High Erosion,Strengthen shores to prevent erosion.,Moderate (Every 2-3 Years),468918.11794520344,171827.59912045914
223.93222085025204,38.40546824478243,38.62427312176684,High Erosion,Strengthen shores to prevent erosion.,Moderate (Every 2-3 Years),367792.0983582666,146353.27425690714
355.93311255802087,16.666272383747764,30.53200394005323,Stable,Regular maintenance of inlets and outlets required.,Low (Every 5 Years),388685.25077115034,53166.28408969776
456.14557887262794,42.55551364693397,49.039292776754976,Stable,Regular maintenance of inlets and outlets required.,Low (Every 5 Years),150646.90679422588,391242.038801649
374.54888363026186,40.721744863670764,59.54138758745874,High Sedimentation,Increase depth by dredging and use sediment for shore strengthening.,High (Every Year),170795.18794052253,327409.7795507762
39.32128737994896,39.79870530486929,14.21959921191749,High Sedimentation,Increase depth by dredging and use sediment for shore strengthening.,High (Every Year),315899.62023315585,266.36756271900504
158.00561294024618,46.30341658311553,64.99168111964568,High Sedimentation,Increase depth by dredging and use sediment for shore strengthening.,High (Every Year),179560.88439251808,177666.35512193272
161.8825969928007,18.06007208289697,43.45571338201839,Stable,Regular maintenance of inlets and outlets required.,Low (Every 5 Years),389881.5966405215,52059.291983617906
306.52188141903497,30.945762856790193,89.95285303308113,High Sedimentation,Increase depth by dredging and use sediment for shore strengthening.,High (Every Year),472140.404240304,307952.8120764016
74.6969802064833,8.741780828401005,37.40108708732364,Stable,Regular maintenance of inlets and outlets required.,Low (Every 5 Years),390063.78513539245,5440.769107721541
463.52206094360037,10.47429827794302,18.861546217522903,High Sedimentation,Increase depth by dredging and use sediment for shore strengthening.,High (Every Year),236705.56886530208,29706.912410139674
230.46787368349146,26.04030153009371,7.958644130018108,High Sedimentation,Increase depth by dredging and use sediment for shore strengthening.,High (Every Year),171005.24561805205,14647.795080261742
265.94923069243896,34.559621402010734,51.3916888624548,High Erosion,Strengthen shores to prevent erosion.,Moderate (Every 2-3 Years),151188.56764298465,183835.641726299
81.67604398504716,47.94863354713626,45.04834993548723,High Sedimentation,Increase depth by dredging and use sediment for shore strengthening.,High (Every Year),194840.9156895756,65585.67673746755
159.66627282450872,35.05063305262766,86.28179055517758,Stable,Regular maintenance of inlets and outlets required.,Low (Every 5 Years),53370.372934188825,208455.58463621163
95.13784940528267,43.491029763689006,21.935536508358926,Stable,Regular maintenance of inlets and outlets required.,Low (Every 5 Years),115958.91698158796,44291.7766561661
245.43977896634965,42.18195929337042,72.21076006147368,High Erosion,Strengthen shores to prevent erosion.,Moderate (Every 2-3 Years),53888.1819597655,308550.36738982814
128.43021133347668,20.839695769865877,21.731078130595574,High Sedimentation,Increase depth by dredging and use sediment for shore strengthening.,High (Every Year),256581.820189793,24625.030269691735
64.6391998946477,47.12789290344783,65.19186804177316,High Sedimentation,Increase depth by dredging and use sediment for shore strengthening.,High (Every Year),103111.25773941903,86781.85436186835
425.46801829605215,17.726765714882575,35.21677806608216,High Erosion,Strengthen shores to prevent erosion.,Moderate (Every 2-3 Years),236799.2203339202,97578.51107765462
324.96118444707366,43.54714764311224,95.68992904482586,High Sedimentation,Increase depth by dredging and use sediment for shore strengthening.,High (Every Year),76938.78529479635,561671.9975770054
326.09631567831326,45.46607142977147,90.72491254954224,Stable,Regular maintenance of inlets and outlets required.,Low (Every 5 Years),416000.75570879213,541821.2214650639
132.92810357296486,39.49309028260772,45.55079312507015,High Erosion,Strengthen shores to prevent erosion.,Moderate (Every 2-3 Years),52945.742853816366,89459.18589487995
479.470959321685,26.754046482256424,14.125530456228086,High Erosion,Strengthen shores to prevent erosion.,Moderate (Every 2-3 Years),341955.73948550783,80269.51524863575
349.3835999269698,25.14497915521876,32.621737066845085,High Sedimentation,Increase depth by dredging and use sediment for shore strengthening.,High (Every Year),362262.25147279265,111002.20707541323
369.9457516761231,17.999565405411577,41.25581901498483,Stable,Regular maintenance of inlets and outlets required.,Low (Every 5 Years),454403.4163503174,103209.06278651115
307.4930892307533,15.774234972557931,21.75261605270438,High Erosion,Strengthen shores to prevent erosion.,Moderate (Every 2-3 Years),52162.80197703811,51974.89449903196
393.0737159982782,23.328185844196224,49.25323599013256,High Erosion,Strengthen shores to prevent erosion.,Moderate (Every 2-3 Years),213785.80109431254,176678.76453627576
73.88026765335164,29.2224138751366,60.37700847750012,High Sedimentation,Increase depth by dredging and use sediment for shore strengthening.,High (Every Year),457353.024701823,37476.885990275325
306.2203714644191,16.99279420882781,4.3613657997601365,Stable,Regular maintenance of inlets and outlets required.,Low (Every 5 Years),56331.543085165,15153.955651328264
211.3932022190463,33.900524785990974,96.9347814692189,High Erosion,Strengthen shores to prevent erosion.,Moderate (Every 2-3 Years),357266.0150888435,299691.26954234805
393.5932972164781,6.4494879868339465,94.33454043151481,High Sedimentation,Increase depth by dredging and use sediment for shore strengthening.,High (Every Year),152707.15421713993,98348.12315793728
135.29718283277643,48.87535184902016,85.22066121024491,High Erosion,Strengthen shores to prevent erosion.,Moderate (Every 2-3 Years),136596.1484033867,224147.94362529696
72.20359450529764,11.180466032089004,8.418252874211053,High Sedimentation,Increase depth by dredging and use sediment for shore strengthening.,High (Every Year),238989.56822235018,-1445.5186175323083
185.96008569283464,9.392377869429817,13.051675789965628,High Sedimentation,Increase depth by dredging and use sediment for shore strengthening.,High (Every Year),162435.20544734265,11695.641982116755
25.310513440953056,22.76532442428613,51.599110952720814,High Erosion,Strengthen shores to prevent erosion.,Moderate (Every 2-3 Years),83191.79425976712,13404.783698401208
22.287367939936015,23.85894126385505,16.75794897138403,Stable,Regular maintenance of inlets and outlets required.,Low (Every 5 Years),271652.23116797925,-366.50338455546625
418.03981857476674,10.017670039801352,48.510978909729005,High Erosion,Strengthen shores to prevent erosion.,Moderate (Every 2-3 Years),453316.5758745731,76519.72176817624
28.641956737827865,29.317677025478048,73.27534724896697,Stable,Regular maintenance of inlets and outlets required.,Low (Every 5 Years),226023.72725811112,26925.613986224213
47.10928863676365,19.283233133651173,5.935659148380468,High Sedimentation,Increase depth by dredging and use sediment for shore strengthening.,High (Every Year),184151.68992957257,191.84945494751128
60.68563561802186,39.86927174290985,58.21201701416926,High Erosion,Strengthen shores to prevent erosion.,Moderate (Every 2-3 Years),209346.94953379894,51587.19319417974
17.833343477888505,6.721846578762551,25.990245402206273,High Sedimentation,Increase depth by dredging and use sediment for shore strengthening.,High (Every Year),227274.50326013166,-5164.582436239109
184.6821730957152,24.840011689758096,71.26345766178672,Stable,Regular maintenance of inlets and outlets required.,Low (Every 5 Years),337278.65842214995,113958.25709921622
293.8230049907961,35.712007482989065,88.38466940807102,High Erosion,Strengthen shores to prevent erosion.,Moderate (Every 2-3 Years),344391.5612144663,407218.03445693094
138.79725070202454,42.006523904323075,59.58544743722252,High Erosion,Strengthen shores to prevent erosion.,Moderate (Every 2-3 Years),482668.05722783174,119865.80634903115
484.1081975382587,31.255574169216857,83.42882172106387,High Sedimentation,Increase depth by dredging and use sediment for shore strengthening.,High (Every Year),223162.5644174635,507954.4448235607
337.15992693649537,5.063645477865096,9.84064828047434,High Sedimentation,Increase depth by dredging and use sediment for shore strengthening.,High (Every Year),259565.10533648892,-1608.148397715554
31.436096083089122,22.584743905249073,14.952042611601955,Stable,Regular maintenance of inlets and outlets required.,Low (Every 5 Years),51219.315598362686,4903.749828516855
306.0086003058683,43.344840200078096,38.90205788285733,Stable,Regular maintenance of inlets and outlets required.,Low (Every 5 Years),233867.7442829688,167596.17299398046
265.49250583914164,20.32850620446904,50.50875570138651,High Erosion,Strengthen shores to prevent erosion.,Moderate (Every 2-3 Years),338351.8449926596,109732.59159838886
362.70774855581055,33.48180126732625,90.75103743688331,High Sedimentation,Increase depth by dredging and use sediment for shore strengthening.,High (Every Year),146428.81930729962,447543.15306498
374.64963611219036,5.9783562745780365,40.28366542087449,High Erosion,Strengthen shores to prevent erosion.,Moderate (Every 2-3 Years),430965.6186306889,36122.33601900445
471.26555475887056,14.848448666238504,42.33370890632561,High Sedimentation,Increase depth by dredging and use sediment for shore strengthening.,High (Every Year),110909.7877402896,129812.53073367722
477.0109824959128,11.039579175215467,55.06110564913692,High Erosion,Strengthen shores to prevent erosion.,Moderate (Every 2-3 Years),168795.06716921786,94092.53650883905
214.6127338654412,13.642770314956698,72.73907145407514,High Sedimentation,Increase depth by dredging and use sediment for shore strengthening.,High (Every Year),418432.7464363878,92968.79284753378
419.5787497604781,15.578030178168383,29.826501848747316,High Erosion,Strengthen shores to prevent erosion.,Moderate (Every 2-3 Years),346002.475537882,78806.0546733513
468.7787539854044,44.74408901388304,5.535999199998835,Stable,Regular maintenance of inlets and outlets required.,Low (Every 5 Years),269156.2453716467,30563.687778408203
406.2115807508855,43.69196759660142,95.04105553312765,Stable,Regular maintenance of inlets and outlets required.,Low (Every 5 Years),368972.3704392227,669087.4130604963
64.98468392608035,40.105310939490934,26.129707953541605,High Sedimentation,Increase depth by dredging and use sediment for shore strengthening.,High (Every Year),65535.48790037301,30389.370948036387
176.8796826343412,37.67556165284694,90.15737227605221,Stable,Regular maintenance of inlets and outlets required.,Low (Every 5 Years),212706.76073091294,245600.65858805962
2.4118896057100456,30.70216145827085,50.48588330592423,High Sedimentation,Increase depth by dredging and use sediment for shore strengthening.,High (Every Year),146605.35807944438,267.61984237536626
65.85690801026948,14.422804146481843,11.912071952293859,High Sedimentation,Increase depth by dredging and use sediment for shore strengthening.,High (Every Year),204218.08887307157,6556.760146857595
61.75617553780018,29.173665274548444,98.9609398649832,High Erosion,Strengthen shores to prevent erosion.,Moderate (Every 2-3 Years),321207.6305650333,83494.28999317918
441.34135331600424,37.86456742197935,85.97941062408412,High Erosion,Strengthen shores to prevent erosion.,Moderate (Every 2-3 Years),463072.72770044726,647744.3612452332
63.751580866930325,9.710669694247887,68.42372444894835,High Sedimentation,Increase depth by dredging and use sediment for shore strengthening.,High (Every Year),63832.74585136611,11129.187107673679
396.54289262905365,41.0663251367515,63.84625088926037,Stable,Regular maintenance of inlets and outlets required.,Low (Every 5 Years),178653.3044636902,448739.95261166815
298.258493388381,46.07025672226113,34.40028271280758,High Sedimentation,Increase depth by dredging and use sediment for shore strengthening.,High (Every Year),145005.56185263797,156402.84432560668
314.5165986623181,18.122386769648166,47.213331224353695,Stable,Regular maintenance of inlets and outlets required.,Low (Every 5 Years),158018.23851124017,96494.04354329407
88.02363180921024,29.401102163578155,60.96380619101268,High Erosion,Strengthen shores to prevent erosion.,Moderate (Every 2-3 Years),92926.58343952164,73522.8141406019
27.671474964141996,15.051871166343883,88.11226719300377,High Sedimentation,Increase depth by dredging and use sediment for shore strengthening.,High (Every Year),138584.14866855447,21057.74091446433
259.32124469171686,32.56664968998825,34.44827867588313,High Sedimentation,Increase depth by dredging and use sediment for shore strengthening.,High (Every Year),423787.6333751233,108963.52949947622
1.5560714286590773,19.128033612837502,60.113066881108594,High Sedimentation,Increase depth by dredging and use sediment for shore strengthening.,High (Every Year),171169.3460349159,-6003.813689350577
335.2745176524252,8.4271334701024,5.722453249262215,High Erosion,Strengthen shores to prevent erosion.,Moderate (Every 2-3 Years),122732.76636288452,11426.464163336337
22.105037574269545,37.20427131694695,27.19206458212105,High Sedimentation,Increase depth by dredging and use sediment for shore strengthening.,High (Every Year),417723.4778352183,12074.03494935909
405.8682948397004,9.446834154221666,63.28923833242319,Stable,Regular maintenance of inlets and outlets required.,Low (Every 5 Years),453671.3588819842,92073.32186233747
140.1560689236518,26.0541758888676,7.5420155724595475,High Erosion,Strengthen shores to prevent erosion.,Moderate (Every 2-3 Years),343988.75817333156,12642.53417311268
183.96886930868374,14.922190579807443,94.51628069183556,High Erosion,Strengthen shores to prevent erosion.,Moderate (Every 2-3 Years),479056.05574738723,97305.30102960292
245.37948048056373,15.34879752141341,73.31970028581914,High Sedimentation,Increase depth by dredging and use sediment for shore strengthening.,High (Every Year),211815.44167333853,99169.23698425677
198.81440048856848,26.02564041782643,36.646105238413504,High Sedimentation,Increase depth by dredging and use sediment for shore strengthening.,High (Every Year),76146.780299781,83882.48049627834
48.09004890837794,20.802963710421636,46.676602186682324,High Erosion,Strengthen shores to prevent erosion.,Moderate (Every 2-3 Years),385761.2585572726,15160.7501955786
415.78871592248163,25.87900464610967,56.89256382782231,High Sedimentation,Increase depth by dredging and use sediment for shore strengthening.,High (Every Year),298972.1068024255,227272.87480921013
130.96436966905782,24.156385335780573,52.71725152347535,High Sedimentation,Increase depth by dredging and use sediment for shore strengthening.,High (Every Year),364887.4593381053,77511.18069139615
117.90371508280246,24.97918634868363,97.48121217151889,High Sedimentation,Increase depth by dredging and use sediment for shore strengthening.,High (Every Year),394039.76109322574,98460.89817885253
245.4488730508398,37.51943388413641,7.535891120876457,High Sedimentation,Increase depth by dredging and use sediment for shore strengthening.,High (Every Year),467948.81348309276,28552.545631115147
121.99018757499822,43.36028740240448,74.6578892188271,High Sedimentation,Increase depth by dredging and use sediment for shore strengthening.,High (Every Year),351667.9848397102,141956.4073213223
493.27950692087086,36.959492952900625,1.8129992287214183,High Erosion,Strengthen shores to prevent erosion.,Moderate (Every 2-3 Years),289533.37768115714,22527.93476407945
204.46879558420426,46.93665605727625,54.473035154499435,High Erosion,Strengthen shores to prevent erosion.,Moderate (Every 2-3 Years),361645.5181004004,225549.97058673244
21.118557543208528,40.159635048965015,71.71044066909693,High Sedimentation,Increase depth by dredging and use sediment for shore strengthening.,High (Every Year),240933.7558672344,12398.666482903089
400.26318137644625,32.128646982695344,65.05256563285421,Stable,Regular maintenance of inlets and outlets required.,Low (Every 5 Years),80937.25216107816,364058.954467318
269.9745568122541,42.01490437909532,87.37278600669501,Stable,Regular maintenance of inlets and outlets required.,Low (Every 5 Years),64331.67095061503,353791.91260958335
39.099075095205016,19.58338346061968,54.17679694189956,High Sedimentation,Increase depth by dredging and use sediment for shore strengthening.,High (Every Year),338684.0789062062,18677.659039060265
166.96511355694759,49.42648293730749,57.424750275150394,High Erosion,Strengthen shores to prevent erosion.,Moderate (Every 2-3 Years),136804.64250320327,177339.90104605438
239.90240834288724,28.29423924373903,19.180629226514807,High Sedimentation,Increase depth by dredging and use sediment for shore strengthening.,High (Every Year),402523.6986249932,51161.22955948208
67.54244177402104,49.269247932732085,33.32207189778691,High Sedimentation,Increase depth by dredging and use sediment for shore strengthening.,High (Every Year),164370.13363252924,39117.179905137455
113.69666064579216,25.339640908950866,76.40337154190566,Stable,Regular maintenance of inlets and outlets required.,Low (Every 5 Years),309196.62962079584,97492.34451582063
116.05360875455504,37.8126149826907,6.2337047004290405,High Sedimentation,Increase depth by dredging and use sediment for shore strengthening.,High (Every Year),127415.78548393646,9700.582568476495
305.4150770607338,34.36668519421589,31.232906415130195,Stable,Regular maintenance of inlets and outlets required.,Low (Every 5 Years),62251.71505362079,122624.02054955368
498.110603232957,8.175757537890323,20.913906890479055,High Sedimentation,Increase depth by dredging and use sediment for shore strengthening.,High (Every Year),418086.8702060116,39418.46094155417
464.8864681924109,48.882452056531164,68.12519745387912,Stable,Regular maintenance of inlets and outlets required.,Low (Every 5 Years),444391.23810759233,531732.9827197877
346.13945614337524,14.5758659759904,54.56292847139579,High Erosion,Strengthen shores to prevent erosion.,Moderate (Every 2-3 Years),324116.0276111336,110364.12768226814
308.2565054175916,39.59157671762016,92.33328113010742,High Erosion,Strengthen shores to prevent erosion.,Moderate (Every 2-3 Years),492135.8650058762,432263.14531992015
485.5671592567493,6.452588574101412,13.64687810642983,High Sedimentation,Increase depth by dredging and use sediment for shore strengthening.,High (Every Year),366843.8435643445,23723.259091960135
369.8667771702841,31.302882994144216,10.014719771615802,High Sedimentation,Increase depth by dredging and use sediment for shore strengthening.,High (Every Year),249473.14968923925,40807.45945164304
73.48736672925878,46.328614350667614,36.498692229432606,High Sedimentation,Increase depth by dredging and use sediment for shore strengthening.,High (Every Year),412546.8475945391,50840.36815713007
107.61870106010882,45.72833808519236,60.18455891852041,High Sedimentation,Increase depth by dredging and use sediment for shore strengthening.,High (Every Year),166994.3437262334,108092.79206598739
3.0779509004724512,13.637589812327262,2.113644907953783,High Erosion,Strengthen shores to prevent erosion.,Moderate (Every 2-3 Years),465057.7874526457,5601.84025128158
444.8141386307142,39.868047868999376,13.040697895215084,High Erosion,Strengthen shores to prevent erosion.,Moderate (Every 2-3 Years),193978.67563569054,89348.9021099866
6.240885449666188,33.83369186734193,99.5281308649972,High Erosion,Strengthen shores to prevent erosion.,Moderate (Every 2-3 Years),257730.4705213503,8374.519433136757
335.3214868867274,24.293326482108068,50.72699703863984,High Sedimentation,Increase depth by dredging and use sediment for shore strengthening.,High (Every Year),410880.6732771651,161909.545741459
460.2529644956605,26.190591921974992,18.264015335247773,High Erosion,Strengthen shores to prevent erosion.,Moderate (Every 2-3 Years),86796.66047508328,76940.87026847273
25.234039021763653,5.07491005886132,53.065387688763636,High Sedimentation,Increase depth by dredging and use sediment for shore strengthening.,High (Every Year),192085.95094189764,-2546.113323313522
340.8743940712231,14.303598320475919,5.37509246039473,High Sedimentation,Increase depth by dredging and use sediment for shore strengthening.,High (Every Year),79353.38549100187,15020.747114824497
177.4877404528891,9.543026358229445,79.21070598115631,High Sedimentation,Increase depth by dredging and use sediment for shore strengthening.,High (Every Year),497624.84752196114,43472.36745574875
263.7700164075157,43.634724804176585,30.014105061668328,High Erosion,Strengthen shores to prevent erosion.,Moderate (Every 2-3 Years),338435.35527553683,138869.38172573046
176.9672068026938,31.2240214695484,27.895072598048095,High Sedimentation,Increase depth by dredging and use sediment for shore strengthening.,High (Every Year),473376.806273668,67135.02553306674
45.56273396599818,28.877182921258782,10.20452254951827,Stable,Regular maintenance of inlets and outlets required.,Low (Every 5 Years),327783.40660274704,10154.163174061745
308.6024681128043,25.54877935484396,70.69659112680357,High Sedimentation,Increase depth by dredging and use sediment for shore strengthening.,High (Every Year),440725.1612690436,242856.7704555634
261.0219387273715,41.98487650328606,67.68391329026176,High Erosion,Strengthen shores to prevent erosion.,Moderate (Every 2-3 Years),466092.4636708303,254999.8617750558
96.25433266988341,35.82321109517213,75.14124773499482,Stable,Regular maintenance of inlets and outlets required.,Low (Every 5 Years),204223.00692492293,109735.87272884022
226.71880481748974,20.095901117665264,16.793927852768835,High Sedimentation,Increase depth by dredging and use sediment for shore strengthening.,High (Every Year),441834.9794501407,35248.46049057969
342.5389044820017,9.455483778021826,30.29024159966481,High Sedimentation,Increase depth by dredging and use sediment for shore strengthening.,High (Every Year),234007.00559325144,33794.905156731955
190.05700575182104,25.02817770146163,99.60745284120911,Stable,Regular maintenance of inlets and outlets required.,Low (Every 5 Years),196660.47829891578,207100.52447224603
394.6138972615378,39.46343043753516,93.52893013466493,High Sedimentation,Increase depth by dredging and use sediment for shore strengthening.,High (Every Year),298600.54373988206,638219.2097009216
273.48007882355677,21.99332748171286,17.083024136984214,High Sedimentation,Increase depth by dredging and use sediment for shore strengthening.,High (Every Year),68293.2278633191,47756.68854455475
207.11550523213953,23.52213719315531,74.23331563776138,Stable,Regular maintenance of inlets and outlets required.,Low (Every 5 Years),329069.42065860913,132523.51241298002
254.6361693981764,47.424194733747186,29.422826788148082,High Sedimentation,Increase depth by dredging and use sediment for shore strengthening.,High (Every Year),426979.31461032294,119325.74882782562
100.24366668834753,41.006261847915425,73.26410749913279,High Sedimentation,Increase depth by dredging and use sediment for shore strengthening.,High (Every Year),399444.49567807664,138379.05513416827
370.6213564821526,45.55744281092139,27.572801433408625,High Sedimentation,Increase depth by dredging and use sediment for shore strengthening.,High (Every Year),244618.38547577953,176854.72508531986
331.50237338895323,26.405280335192085,4.361155238181044,Stable,Regular maintenance of inlets and outlets required.,Low (Every 5 Years),181461.53214656777,21196.93518113019
157.46192991587372,7.449138657926017,15.611489154108554,High Sedimentation,Increase depth by dredging and use sediment for shore strengthening.,High (Every Year),447293.2956180198,15577.385044706705
461.24221549137104,25.96674190149085,55.39146042737252,Stable,Regular maintenance of inlets and outlets required.,Low (Every 5 Years),128657.57556879318,296918.62873168854
250.85345347963462,26.043923329274282,74.11148150459174,Stable,Regular maintenance of inlets and outlets required.,Low (Every 5 Years),155096.4314232966,170316.772454132
486.8259362912825,46.6074854708051,5.046409115524555,Stable,Regular maintenance of inlets and outlets required.,Low (Every 5 Years),281392.562312068,36840.09034236296
43.554195952240306,43.55994941731595,8.682734167890366,High Sedimentation,Increase depth by dredging and use sediment for shore strengthening.,High (Every Year),364850.5142245174,5120.775577948824
290.84713056109797,30.630899598010956,41.06610969116288,Stable,Regular maintenance of inlets and outlets required.,Low (Every 5 Years),85853.54932596904,125992.9456490329
297.06699609519353,10.98456073989537,78.8292442415697,Stable,Regular maintenance of inlets and outlets required.,Low (Every 5 Years),455413.291769016,121630.49746636188
463.8690061503545,13.080205802177026,52.49797454594683,Stable,Regular maintenance of inlets and outlets required.,Low (Every 5 Years),439341.67719827476,106492.17557319284
119.77151866047419,26.444948862960416,13.189945731085071,High Sedimentation,Increase depth by dredging and use sediment for shore strengthening.,High (Every Year),482122.59785977675,17581.14093145158
201.3050216174024,11.354509178462813,93.2872633981766,Stable,Regular maintenance of inlets and outlets required.,Low (Every 5 Years),483854.959643574,80104.24337372337
267.8945754322869,14.918905239878828,10.495147118297394,High Erosion,Strengthen shores to prevent erosion.,Moderate (Every 2-3 Years),269422.76106030063,17188.687925090922
265.1099421028447,37.44676382899749,36.276720538806124,Stable,Regular maintenance of inlets and outlets required.,Low (Every 5 Years),274692.8892358212,132590.98726992006
91.28743201762211,37.69187531356255,12.669427581314602,High Erosion,Strengthen shores to prevent erosion.,Moderate (Every 2-3 Years),414053.3077180612,12600.045758920547
479.6257353161891,34.54108361411819,49.96743487261105,High Erosion,Strengthen shores to prevent erosion.,Moderate (Every 2-3 Years),286212.85142520186,376780.9324558566
483.35456125121243,12.0618498272313,56.55070024324292,Stable,Regular maintenance of inlets and outlets required.,Low (Every 5 Years),393535.75524779153,132508.13660148607
93.27299477871172,32.94472554468538,53.56444053200906,High Erosion,Strengthen shores to prevent erosion.,Moderate (Every 2-3 Years),183776.10502707152,50511.219411986705
257.4948261095343,40.43442172883999,27.12820319818812,Stable,Regular maintenance of inlets and outlets required.,Low (Every 5 Years),482471.97629264335,101518.1251304663
271.31799550437165,30.3362720564183,69.40298484861266,High Sedimentation,Increase depth by dredging and use sediment for shore strengthening.,High (Every Year),88991.37515903883,254652.00322361174
486.35702769428656,25.94017493157903,46.365629762528876,Stable,Regular maintenance of inlets and outlets required.,Low (Every 5 Years),305539.52429482713,202023.67275898904
302.4595306550016,45.7486364523085,39.91684942483613,High Sedimentation,Increase depth by dredging and use sediment for shore strengthening.,High (Every Year),112413.89841329616,194229.89601162632
307.61831190444997,43.72750496367587,95.81778711914924,High Erosion,Strengthen shores to prevent erosion.,Moderate (Every 2-3 Years),209680.10066354912,528368.0707069257
113.97330621704634,24.399420057885333,48.65013423970979,High Erosion,Strengthen shores to prevent erosion.,Moderate (Every 2-3 Years),452495.8030202702,55706.69940987613
204.5512027898571,43.43038731049713,27.48364393851298,High Erosion,Strengthen shores to prevent erosion.,Moderate (Every 2-3 Years),332606.045357486,91741.97504242121
305.6755963605487,19.204832796240048,64.24873237405637,Stable,Regular maintenance of inlets and outlets required.,Low (Every 5 Years),173735.0763676202,161457.89619166136
398.8703692124964,43.79752032708619,74.2837927483586,High Sedimentation,Increase depth by dredging and use sediment for shore strengthening.,High (Every Year),274801.4317237936,474887.4736907444
10.02716152825756,19.57553524656064,92.01858209870697,High Erosion,Strengthen shores to prevent erosion.,Moderate (Every 2-3 Years),333210.8735386074,2713.231353407571
201.4357232853171,44.90548979172667,30.032996986238246,Stable,Regular maintenance of inlets and outlets required.,Low (Every 5 Years),106631.21442886826,85912.43485169907
129.15793655837209,37.38530380169801,37.22633665472638,High Sedimentation,Increase depth by dredging and use sediment for shore strengthening.,High (Every Year),454687.74154111114,87627.76279832014
251.58031051369895,14.749400040485462,93.39022914860085,High Sedimentation,Increase depth by dredging and use sediment for shore strengthening.,High (Every Year),204220.72343409795,135601.47904864608
240.8080353514149,27.049001866545186,72.21837139868356,Stable,Regular maintenance of inlets and outlets required.,Low (Every 5 Years),275671.5455013612,199966.20463385526
176.5645456796252,6.905363118187913,25.667394119987534,Stable,Regular maintenance of inlets and outlets required.,Low (Every 5 Years),457592.01974902535,2257.015299926199
184.06409015958155,25.874949314693477,91.09915224019323,High Sedimentation,Increase depth by dredging and use sediment for shore strengthening.,High (Every Year),131811.1944764333,157645.44645495337
298.6946026979857,8.779585062489023,62.50549504529595,High Erosion,Strengthen shores to prevent erosion.,Moderate (Every 2-3 Years),222861.26384670398,56841.72519471657
160.05044615364173,16.02030235673829,31.913840155579134,Stable,Regular maintenance of inlets and outlets required.,Low (Every 5 Years),145789.45947662566,24926.64577004595
390.4408477873889,49.13868642279858,50.67200198591243,High Sedimentation,Increase depth by dredging and use sediment for shore strengthening.,High (Every Year),109032.2032136945,423313.85864947207
155.54234896351429,38.91727966375735,32.37777753131938,High Sedimentation,Increase depth by dredging and use sediment for shore strengthening.,High (Every Year),443432.6971891911,89549.92079811783
264.9771908580117,44.57199691296828,45.48976975836532,High Sedimentation,Increase depth by dredging and use sediment for shore strengthening.,High (Every Year),68028.47799744293,191232.62560215313
364.5142881566482,48.36495887203358,98.3320770173981,Stable,Regular maintenance of inlets and outlets required.,Low (Every 5 Years),384666.9697801898,690762.8970107923
98.49092409603952,31.078111819598888,50.263690942690054,Stable,Regular maintenance of inlets and outlets required.,Low (Every 5 Years),349696.3565375227,67404.3898227456
14.183913731263068,49.883475395623556,8.330172737223142,High Erosion,Strengthen shores to prevent erosion.,Moderate (Every 2-3 Years),381935.91014786094,-1888.7295259012858
146.1908252565031,15.591482487539292,94.64565092684144,Stable,Regular maintenance of inlets and outlets required.,Low (Every 5 Years),148237.25933667866,75189.34143202852
337.259246018097,29.368143772813742,28.179677338100273,High Sedimentation,Increase depth by dredging and use sediment for shore strengthening.,High (Every Year),169119.3080771995,111680.06385973541
173.61331126897306,31.613252833345058,73.16634751617879,Stable,Regular maintenance of inlets and outlets required.,Low (Every 5 Years),420793.02251364314,125575.05158825722
314.63176264118664,47.494315852690804,92.81066672953408,Stable,Regular maintenance of inlets and outlets required.,Low (Every 5 Years),423799.8740292274,609093.4583015988
326.3365685159737,36.094475299036716,24.724181145960756,High Sedimentation,Increase depth by dredging and use sediment for shore strengthening.,High (Every Year),247448.26903541302,112929.20412223792
110.35149920726568,46.47540528791238,40.17561155400342,High Sedimentation,Increase depth by dredging and use sediment for shore strengthening.,High (Every Year),436850.6209873343,83113.74937387595
71.40667242886686,39.681502526080095,8.715969994218844,High Sedimentation,Increase depth by dredging and use sediment for shore strengthening.,High (Every Year),106574.0340564888,16341.117395762207
382.2625098505007,44.48369446537655,41.153903195946526,Stable,Regular maintenance of inlets and outlets required.,Low (Every 5 Years),55415.080293267834,251712.61480964825
26.025402377226435,6.202815220041478,76.09985341761349,High Erosion,Strengthen shores to prevent erosion.,Moderate (Every 2-3 Years),419749.3974224954,685.1431998527205
468.6670061517099,37.505404357823245,86.28439015222845,High Sedimentation,Increase depth by dredging and use sediment for shore strengthening.,High (Every Year),225914.92979780107,585805.6204305361
63.546394101413554,33.35365174406787,91.02009025457772,Stable,Regular maintenance of inlets and outlets required.,Low (Every 5 Years),82575.59447417606,80417.80304939373
297.66238957383587,45.497437433726176,41.458011506599846,High Sedimentation,Increase depth by dredging and use sediment for shore strengthening.,High (Every Year),299533.9871642388,234142.43115743922
286.7619142495983,48.74709911779842,84.56229127941093,High Erosion,Strengthen shores to prevent erosion.,Moderate (Every 2-3 Years),368325.1351594888,446926.4928176532
336.7433496759886,37.10974445533123,51.75184407706615,Stable,Regular maintenance of inlets and outlets required.,Low (Every 5 Years),287709.43280302605,251144.51085595178
386.2105664857731,38.43567604394832,45.45850775088892,High Sedimentation,Increase depth by dredging and use sediment for shore strengthening.,High (Every Year),254498.93845565696,285953.1014483873
346.6401627493448,6.36313013293365,16.773942241479034,High Sedimentation,Increase depth by dredging and use sediment for shore strengthening.,High (Every Year),318687.6630022715,6523.20922047252
364.09430182762554,47.784792011684495,80.48034557196227,High Erosion,Strengthen shores to prevent erosion.,Moderate (Every 2-3 Years),467074.8846851506,531986.2133014182
149.7825093602423,8.83520488991427,39.28512045355826,High Erosion,Strengthen shores to prevent erosion.,Moderate (Every 2-3 Years),469906.3647146065,19659.605937215543
324.51386219294454,32.88323372635499,79.9858230523336,High Sedimentation,Increase depth by dredging and use sediment for shore strengthening.,High (Every Year),379455.0331746021,324299.44428202166
330.3199203570698,32.49299945926722,95.01232495327362,High Sedimentation,Increase depth by dredging and use sediment for shore strengthening.,High (Every Year),71832.80386172063,373496.8687184943
335.5653459920349,35.62791172103545,60.78589791131268,High Sedimentation,Increase depth by dredging and use sediment for shore strengthening.,High (Every Year),165433.16090901493,279175.0506832088
286.4105314839351,38.59037897782937,86.56478988079641,High Erosion,Strengthen shores to prevent erosion.,Moderate (Every 2-3 Years),76473.2196212635,410986.0990471745
23.617161094685006,20.675258928189436,59.17588496978741,High Erosion,Strengthen shores to prevent erosion.,Moderate (Every 2-3 Years),204767.37788316168,7097.810715293629
442.22136161266366,42.12273026637428,34.21536277195832,Stable,Regular maintenance of inlets and outlets required.,Low (Every 5 Years),354678.94546005165,271940.4459245522
460.6466454803892,42.726726995650914,89.99152155467941,High Sedimentation,Increase depth by dredging and use sediment for shore strengthening.,High (Every Year),346390.3275565584,691338.8023904399
457.12422828284093,18.912382032526097,1.6767354024258507,High Erosion,Strengthen shores to prevent erosion.,Moderate (Every 2-3 Years),119280.17235857889,8511.88152292318
315.47956656025684,22.272589184749208,97.71101502960995,High Erosion,Strengthen shores to prevent erosion.,Moderate (Every 2-3 Years),452634.4167329444,276226.2316670945
406.663954478794,18.729091498955587,58.85251742162166,Stable,Regular maintenance of inlets and outlets required.,Low (Every 5 Years),122567.20076812226,187643.30347387335
479.8199713800514,29.698737399505312,91.94572585874496,Stable,Regular maintenance of inlets and outlets required.,Low (Every 5 Years),70473.41373804795,474518.4422342275
294.52663628938313,41.88788047988096,44.89057770544745,High Sedimentation,Increase depth by dredging and use sediment for shore strengthening.,High (Every Year),162464.03027702175,211093.5992466479
461.38640494891297,13.894484861301146,29.151730910077553,High Sedimentation,Increase depth by dredging and use sediment for shore strengthening.,High (Every Year),95210.73795687433,66945.55924469525
320.08817739293784,21.275785503291168,90.6520846434253,High Sedimentation,Increase depth by dredging and use sediment for shore strengthening.,High (Every Year),203021.81871964716,221336.65512983443
255.74585351442926,39.059343758192874,44.11598888733297,High Sedimentation,Increase depth by dredging and use sediment for shore strengthening.,High (Every Year),475052.23069873237,176003.76549069682
276.8327112917151,7.74919107878295,26.492769209306307,Stable,Regular maintenance of inlets and outlets required.,Low (Every 5 Years),130288.7457006868,20306.998870396154
242.021556055196,32.034661848514446,26.087781417968152,High Sedimentation,Increase depth by dredging and use sediment for shore strengthening.,High (Every Year),66485.74950914613,72460.66183911629
284.61431305832645,46.17250532892971,41.24580869645627,High Sedimentation,Increase depth by dredging and use sediment for shore strengthening.,High (Every Year),441062.9742865456,237035.219557886
136.75493084854418,32.146171190076736,12.222164037008534,High Sedimentation,Increase depth by dredging and use sediment for shore strengthening.,High (Every Year),264267.80748879095,17191.80836065666
313.5890290718588,41.75427543473905,52.61063218138093,High Sedimentation,Increase depth by dredging and use sediment for shore strengthening.,High (Every Year),95650.30830635439,268323.7513853979
452.39541005123056,20.426445910865112,23.404832528102574,High Erosion,Strengthen shores to prevent erosion.,Moderate (Every 2-3 Years),61090.594369077764,68196.62318548714
332.7488552038627,36.241706389409586,95.07462511950399,Stable,Regular maintenance of inlets and outlets required.,Low (Every 5 Years),121146.14667504038,507612.52858386457
388.3731811114836,14.382359325665895,85.54607320273321,Stable,Regular maintenance of inlets and outlets required.,Low (Every 5 Years),302932.2859158458,166621.8735378328
123.49151183190176,33.49691987306915,72.84917779769567,High Erosion,Strengthen shores to prevent erosion.,Moderate (Every 2-3 Years),488493.75778437784,110130.87077174996
481.21998670317214,11.669256069394542,7.669340352285152,Stable,Regular maintenance of inlets and outlets required.,Low (Every 5 Years),388084.930575767,13538.747573307235
1.1549782224517302,28.831410759133643,46.87380358526408,High Erosion,Strengthen shores to prevent erosion.,Moderate (Every 2-3 Years),456402.6893815793,-3848.6243134108654
116.5128010983241,28.631179579730027,73.21354823365903,High Erosion,Strengthen shores to prevent erosion.,Moderate (Every 2-3 Years),430580.0942859868,105809.45593295088
433.0556308435623,14.106290760450515,11.940783520134596,High Sedimentation,Increase depth by dredging and use sediment for shore strengthening.,High (Every Year),461356.46895981143,35726.03671666659
324.1742035621295,27.020610360864897,18.236895648488275,High Sedimentation,Increase depth by dredging and use sediment for shore strengthening.,High (Every Year),288238.6974932465,64959.00534996872
139.11569853702503,46.9449505872735,91.24625682315147,High Erosion,Strengthen shores to prevent erosion.,Moderate (Every 2-3 Years),227505.31339504293,238405.74164224966
283.10456982422255,21.092103794028162,6.093617065301846,High Sedimentation,Increase depth by dredging and use sediment for shore strengthening.,High (Every Year),88841.83746558269,18851.512200760168
205.57537335795868,15.37270831292559,41.652230945141646,High Sedimentation,Increase depth by dredging and use sediment for shore strengthening.,High (Every Year),179918.53416602727,64004.420282738385
